emp_id,name,email,mobile,date_of_join
1,John Doe,john@example.com,1234567890,21-Jun-07
2,Jiya Smith,jane@example.com,9876543210,13-Jan-08
3,sefra Johnson,sefra@example.com,5678935690,14-Jan-08
4,nick,nick@example.com,1234654389,15-Jan-08
5,alina,alina@example.com,9875467245,16-Jan-08
6,nitin,nitin@example.com,5986547123,07-Jun-02
7,siri,siri@example.com,986840967,07-Jun-02
8,pratik,pratik@example.com,6543498457,07-Jun-02
9,suraj,suraj@example.com,8764445677,07-Jun-02
10,ria,ria@example.com,7655553329,17-Jun-03
11,ankita,ankita@example.com,9087909890,18-Jun-03
12,chetana,chetana@example.com,7896879098,13-Jan-01
13,ravi,ravi@example.com,5643567890,03-Jan-06
14,teju,teju@example.com,9076236705,04-Jan-06
15,ajay,ajay@example.com,9557533555,05-Jan-06
,,,,
,,,,
,,,,
,,,,
,,,,
,,,,
,,,,
,,,,
,,,,
,,,,
,,,,
,,,,
,,,,
,,,,
,,,,
,,,,
,,,,
,,,,
,,,,
,,,,
,,,,
,,,,
,,,,
,,,,
,,,,
,,,,
,,,,
,,,,
,,,,
,,,,
,,,,
,,,,
,,,,
,,,,
,,,,
